[
    {
        "model": "main_api.feature",
        "pk": 1,
        "fields": {
            "name": "Group Fitness Classes"
        }
    },
    {
        "model": "main_api.feature",
        "pk": 2,
        "fields": {
            "name": "Personalized Training Programs"
        }
    },
    {
        "model": "main_api.feature",
        "pk": 3,
        "fields": {
            "name": "State-of-the-Art Equipment"
        }
    },
    {
        "model": "main_api.plan",
        "pk": 1,
        "fields": {
            "title": "Basic",
            "price": 20,
            "features": [
                1
            ]
        }
    },
    {
        "model": "main_api.plan",
        "pk": 2,
        "fields": {
            "title": "Advanced",
            "price": 40,
            "features": [
                1,
                2
            ]
        }
    },
    {
        "model": "main_api.plan",
        "pk": 3,
        "fields": {
            "title": "Premium",
            "price": 60,
            "features": [
                1,
                2,
                3
            ]
        }
    },
    {
        "model": "main_api.review",
        "pk": 1,
        "fields": {
            "written_by": "John Doe",
            "description": "Great basic plan! It works perfectly for my gym.",
            "stars": 4,
            "image": "reviews/review-basic-1.jpeg",
            "created_at": "2024-11-13T12:00:00Z",
            "updated_at": "2024-11-13T12:00:00Z"
        }
    },
    {
        "model": "main_api.review",
        "pk": 2,
        "fields": {
            "written_by": "Jane Smith",
            "description": "Advanced plan is solid, but the price could be lower.",
            "stars": 3,
            "image": "reviews/review-basic-2.jpeg",
            "created_at": "2024-11-13T12:00:00Z",
            "updated_at": "2024-11-13T12:00:00Z"
        }
    },
    {
        "model": "main_api.review",
        "pk": 3,
        "fields": {
            "written_by": "Michael Johnson",
            "description": "Premium plan is amazing! The extra features are a game changer.",
            "stars": 5,
            "image": "reviews/review-basic-3.jpeg",
            "created_at": "2024-11-13T12:00:00Z",
            "updated_at": "2024-11-13T12:00:00Z"
        }
    },
    {
        "model": "main_api.review",
        "pk": 4,
        "fields": {
            "written_by": "Emily Davis",
            "description": "Good value for the money. Would recommend.",
            "stars": 4,
            "image": "reviews/review-basic-4.jpeg",
            "created_at": "2024-11-13T12:00:00Z",
            "updated_at": "2024-11-13T12:00:00Z"
        }
    },
    {
        "model": "main_api.gym",
        "pk": 1,
        "fields": {
            "name": "Gym One",
            "address": "123 Fitness St.",
            "phone_number": "+123456789",
            "email": "contact@gymone.com",
            "website": "http://www.gymone.com",
            "opening_hours": "6 AM - 10 PM",
            "rating": 4.5,
            "description": "State of the art equipment and spacious gym area.",
            "is_active": true,
            "created_at": "2024-11-13T12:00:00Z",
            "updated_at": "2024-11-13T12:00:00Z"
        }
    },
    {
        "model": "main_api.gym",
        "pk": 2,
        "fields": {
            "name": "Gym Two",
            "address": "456 Muscle Rd.",
            "phone_number": "+987654321",
            "email": "contact@gymtwo.com",
            "website": "http://www.gymtwo.com",
            "opening_hours": "5 AM - 11 PM",
            "rating": 4.0,
            "description": "Affordable membership with personal training options.",
            "is_active": true,
            "created_at": "2024-11-13T12:00:00Z",
            "updated_at": "2024-11-13T12:00:00Z"
        }
    },
    {
        "model": "main_api.gym",
        "pk": 3,
        "fields": {
            "name": "Gym Three",
            "address": "789 Power Ave.",
            "phone_number": "+112233445",
            "email": "contact@gymthree.com",
            "website": "http://www.gymthree.com",
            "opening_hours": "24/7",
            "rating": 4.8,
            "description": "Premium gym with a wide variety of fitness classes.",
            "is_active": true,
            "created_at": "2024-11-13T12:00:00Z",
            "updated_at": "2024-11-13T12:00:00Z"
        }
    },
    {
        "model": "main_api.gym",
        "pk": 4,
        "fields": {
            "name": "Gym Four",
            "address": "101 Fit Blvd.",
            "phone_number": "+223344556",
            "email": "contact@gymfour.com",
            "website": "http://www.gymfour.com",
            "opening_hours": "7 AM - 9 PM",
            "rating": 3.8,
            "description": "A cozy gym for local residents with great community support.",
            "is_active": true,
            "created_at": "2024-11-13T12:00:00Z",
            "updated_at": "2024-11-13T12:00:00Z"
        }
    },
    {
        "model": "main_api.category",
        "pk": 1,
        "fields": {
            "name": "Protein",
            "created_at": "2024-11-13T12:00:00Z",
            "updated_at": "2024-11-13T12:00:00Z"
        }
    },
    {
        "model": "main_api.category",
        "pk": 2,
        "fields": {
            "name": "Creatine",
            "created_at": "2024-11-13T12:00:00Z",
            "updated_at": "2024-11-13T12:00:00Z"
        }
    },
    {
        "model": "main_api.category",
        "pk": 3,
        "fields": {
            "name": "Amino Acids",
            "created_at": "2024-11-13T12:00:00Z",
            "updated_at": "2024-11-13T12:00:00Z"
        }
    },
    {
        "model": "main_api.category",
        "pk": 4,
        "fields": {
            "name": "Weight Gainer",
            "created_at": "2024-11-13T12:00:00Z",
            "updated_at": "2024-11-13T12:00:00Z"
        }
    },
    {
        "model": "main_api.category",
        "pk": 5,
        "fields": {
            "name": "Pre-Workout",
            "created_at": "2024-11-13T12:00:00Z",
            "updated_at": "2024-11-13T12:00:00Z"
        }
    },
    {
        "model": "main_api.category",
        "pk": 6,
        "fields": {
            "name": "Glutamine",
            "created_at": "2024-11-13T12:00:00Z",
            "updated_at": "2024-11-13T12:00:00Z"
        }
    },
    {
        "model": "main_api.category",
        "pk": 7,
        "fields": {
            "name": "Fat Burner",
            "created_at": "2024-11-13T12:00:00Z",
            "updated_at": "2024-11-13T12:00:00Z"
        }
    },
    {
        "model": "main_api.category",
        "pk": 8,
        "fields": {
            "name": "Testosterone Boosters",
            "created_at": "2024-11-13T12:00:00Z",
            "updated_at": "2024-11-13T12:00:00Z"
        }
    },
    {
        "model": "main_api.category",
        "pk": 9,
        "fields": {
            "name": "Vitamins",
            "created_at": "2024-11-13T12:00:00Z",
            "updated_at": "2024-11-13T12:00:00Z"
        }
    },
    {
        "model": "main_api.flavour",
        "pk": 1,
        "fields": {
            "name": "Vanilla"
        }
    },
    {
        "model": "main_api.flavour",
        "pk": 2,
        "fields": {
            "name": "Chocolate"
        }
    },
    {
        "model": "main_api.flavour",
        "pk": 3,
        "fields": {
            "name": "Strawberry"
        }
    },
    {
        "model": "main_api.flavour",
        "pk": 4,
        "fields": {
            "name": "Mint"
        }
    },
    {
        "model": "main_api.size",
        "pk": 1,
        "fields": {
            "name": "1kg"
        }
    },
    {
        "model": "main_api.size",
        "pk": 2,
        "fields": {
            "name": "500g"
        }
    },
    {
        "model": "main_api.size",
        "pk": 3,
        "fields": {
            "name": "2kg"
        }
    },
    {
        "model": "main_api.size",
        "pk": 4,
        "fields": {
            "name": "3kg"
        }
    },
    {
        "model": "main_api.supplement",
        "pk": 1,
        "fields": {
            "name": "Whey Protein",
            "description": "High-quality whey protein for muscle growth.",
            "category": 1,
            "flavour": [
                1,
                2
            ],
            "size": [
                1,
                2
            ],
            "price": 29.99,
            "is_active": true,
            "image": "supplements/basic-supplement-3.webp",
            "stock": 100,
            "created_at": "2024-11-13T12:00:00Z",
            "updated_at": "2024-11-13T12:00:00Z"
        }
    },
    {
        "model": "main_api.supplement",
        "pk": 2,
        "fields": {
            "name": "Creatine",
            "description": "Creatine monohydrate for enhanced strength and energy.",
            "category": 2,
            "flavour": [
                3
            ],
            "size": [
                1
            ],
            "price": 19.99,
            "is_active": true,
            "image": "supplements/basic-supplement-2.webp",
            "stock": 150,
            "created_at": "2024-11-13T12:00:00Z",
            "updated_at": "2024-11-13T12:00:00Z"
        }
    },
    {
        "model": "main_api.supplement",
        "pk": 3,
        "fields": {
            "name": "BCAA",
            "description": "Branched-chain amino acids for recovery.",
            "category": 3,
            "flavour": [
                2,
                4
            ],
            "size": [
                1,
                3
            ],
            "price": 25.00,
            "is_active": true,
            "image": "supplements/basic-supplement-4.webp",
            "stock": 200,
            "created_at": "2024-11-13T12:00:00Z",
            "updated_at": "2024-11-13T12:00:00Z"
        }
    },
    {
        "model": "main_api.supplement",
        "pk": 4,
        "fields": {
            "name": "Mass Gainer",
            "description": "Mass gainer for weight gain and muscle building.",
            "category": 4,
            "flavour": [
                1
            ],
            "size": [
                2
            ],
            "price": 35.50,
            "is_active": true,
            "image": "supplements/basic-supplement-5.webp",
            "stock": 50,
            "created_at": "2024-11-13T12:00:00Z",
            "updated_at": "2024-11-13T12:00:00Z"
        }
    },
    {
        "model": "main_api.supplement",
        "pk": 5,
        "fields": {
            "name": "Pre-Workout",
            "description": "Boost energy and focus during workouts.",
            "category": 5,
            "flavour": [
                4
            ],
            "size": [
                1
            ],
            "price": 29.95,
            "is_active": true,
            "image": "supplements/basic-supplement-6.webp",
            "stock": 120,
            "created_at": "2024-11-13T12:00:00Z",
            "updated_at": "2024-11-13T12:00:00Z"
        }
    },
    {
        "model": "main_api.supplement",
        "pk": 6,
        "fields": {
            "name": "Glutamine",
            "description": "Supports recovery and immune system health.",
            "category": 6,
            "flavour": [
                2
            ],
            "size": [
                2
            ],
            "price": 22.50,
            "is_active": true,
            "image": "supplements/basic-supplement-7.webp",
            "stock": 180,
            "created_at": "2024-11-13T12:00:00Z",
            "updated_at": "2024-11-13T12:00:00Z"
        }
    },
    {
        "model": "main_api.supplement",
        "pk": 7,
        "fields": {
            "name": "L-Carnitine",
            "description": "Helps in fat metabolism and weight loss.",
            "category": 7,
            "flavour": [
                3
            ],
            "size": [
                1
            ],
            "price": 18.00,
            "is_active": true,
            "image": "supplements/basic-supplement-3.webp",
            "stock": 210,
            "created_at": "2024-11-13T12:00:00Z",
            "updated_at": "2024-11-13T12:00:00Z"
        }
    },
    {
        "model": "main_api.supplement",
        "pk": 8,
        "fields": {
            "name": "Testosterone Booster",
            "description": "Natural supplement to increase testosterone levels.",
            "category": 8,
            "flavour": [
                1
            ],
            "size": [
                3
            ],
            "price": 40.00,
            "is_active": true,
            "image": "supplements/basic-supplement-2.webp",
            "stock": 30,
            "created_at": "2024-11-13T12:00:00Z",
            "updated_at": "2024-11-13T12:00:00Z"
        }
    },
    {
        "model": "main_api.supplement",
        "pk": 9,
        "fields": {
            "name": "Multivitamins",
            "description": "Daily vitamins for general health.",
            "category": 9,
            "flavour": [
                2
            ],
            "size": [
                2
            ],
            "price": 15.99,
            "is_active": true,
            "image": "supplements/basic-supplement-8.webp",
            "stock": 500,
            "created_at": "2024-11-13T12:00:00Z",
            "updated_at": "2024-11-13T12:00:00Z"
        }
    },
    {
        "model": "main_api.supplement",
        "pk": 10,
        "fields": {
            "name": "Casein Protein",
            "description": "Slow-digesting protein for nighttime recovery.",
            "category": 1,
            "flavour": [
                1,
                3
            ],
            "size": [
                2
            ],
            "price": 32.99,
            "is_active": true,
            "image": "supplements/basic-supplement-4.webp",
            "stock": 80,
            "created_at": "2024-11-13T12:00:00Z",
            "updated_at": "2024-11-13T12:00:00Z"
        }
    },
    {
        "model": "main_api.supplement",
        "pk": 11,
        "fields": {
            "name": "Collagen",
            "description": "Supports joint, skin, and bone health.",
            "category": 9,
            "flavour": [
                1
            ],
            "size": [
                1
            ],
            "price": 24.99,
            "is_active": true,
            "image": "supplements/basic-supplement-1.webp",
            "stock": 200,
            "created_at": "2024-11-13T12:00:00Z",
            "updated_at": "2024-11-13T12:00:00Z"
        }
    },
    {
        "model": "main_api.supplement",
        "pk": 12,
        "fields": {
            "name": "Fish Oil",
            "description": "Rich in Omega-3 fatty acids for heart health.",
            "category": 9,
            "flavour": [
                2
            ],
            "size": [
                3
            ],
            "price": 15.00,
            "is_active": true,
            "image": "supplements/basic-supplement-3.webp",
            "stock": 350,
            "created_at": "2024-11-13T12:00:00Z",
            "updated_at": "2024-11-13T12:00:00Z"
        }
    },
    {
        "model": "main_api.supplement",
        "pk": 13,
        "fields": {
            "name": "Pre-Workout X",
            "description": "High-stimulant pre-workout for intense energy.",
            "category": 5,
            "flavour": [
                4
            ],
            "size": [
                1
            ],
            "price": 34.99,
            "is_active": true,
            "image": "supplements/basic-supplement-7.webp",
            "stock": 75,
            "created_at": "2024-11-13T12:00:00Z",
            "updated_at": "2024-11-13T12:00:00Z"
        }
    },
    {
        "model": "main_api.supplement",
        "pk": 14,
        "fields": {
            "name": "Post-Workout Recovery",
            "description": "Restore energy and reduce muscle soreness.",
            "category": 6,
            "flavour": [
                4
            ],
            "size": [
                2
            ],
            "price": 27.50,
            "is_active": true,
            "image": "supplements/basic-supplement-4.webp",
            "stock": 150,
            "created_at": "2024-11-13T12:00:00Z",
            "updated_at": "2024-11-13T12:00:00Z"
        }
    },
    {
        "model": "main_api.supplement",
        "pk": 15,
        "fields": {
            "name": "Vegan Protein",
            "description": "Plant-based protein powder for vegetarians and vegans.",
            "category": 1,
            "flavour": [
                4
            ],
            "size": [
                1
            ],
            "price": 39.99,
            "is_active": true,
            "image": "supplements/basic-supplement-5.webp",
            "stock": 60,
            "created_at": "2024-11-13T12:00:00Z",
            "updated_at": "2024-11-13T12:00:00Z"
        }
    },
    {
        "model": "main_api.supplement",
        "pk": 16,
        "fields": {
            "name": "CLA",
            "description": "Conjugated Linoleic Acid to support fat burning.",
            "category": 7,
            "flavour": [
                1
            ],
            "size": [
                1
            ],
            "price": 21.99,
            "is_active": true,
            "image": "supplements/basic-supplement-6.webp",
            "stock": 180,
            "created_at": "2024-11-13T12:00:00Z",
            "updated_at": "2024-11-13T12:00:00Z"
        }
    },
    {
        "model": "main_api.supplement",
        "pk": 17,
        "fields": {
            "name": "L-Arginine",
            "description": "Amino acid for improved circulation and endurance.",
            "category": 5,
            "flavour": [
                3
            ],
            "size": [
                1
            ],
            "price": 22.00,
            "is_active": true,
            "image": "supplements/basic-supplement-3.webp",
            "stock": 200,
            "created_at": "2024-11-13T12:00:00Z",
            "updated_at": "2024-11-13T12:00:00Z"
        }
    },
    {
        "model": "main_api.supplement",
        "pk": 18,
        "fields": {
            "name": "ZMA",
            "description": "Zinc, magnesium, and vitamin B6 for sleep and recovery.",
            "category": 8,
            "flavour": [
                1
            ],
            "size": [
                2
            ],
            "price": 19.99,
            "is_active": true,
            "image": "supplements/basic-supplement-8.webp",
            "stock": 100,
            "created_at": "2024-11-13T12:00:00Z",
            "updated_at": "2024-11-13T12:00:00Z"
        }
    },
    {
        "model": "main_api.supplement",
        "pk": 19,
        "fields": {
            "name": "Vitamin D3",
            "description": "Supports bone health and immune function.",
            "category": 9,
            "flavour": [
                2
            ],
            "size": [
                1
            ],
            "price": 13.00,
            "is_active": true,
            "image": "supplements/basic-supplement-3.webp",
            "stock": 500,
            "created_at": "2024-11-13T12:00:00Z",
            "updated_at": "2024-11-13T12:00:00Z"
        }
    },
    {
        "model": "main_api.supplement",
        "pk": 20,
        "fields": {
            "name": "BCAA X",
            "description": "High-dose BCAA for advanced recovery.",
            "category": 3,
            "flavour": [
                3
            ],
            "size": [
                2
            ],
            "price": 29.99,
            "is_active": true,
            "image": "supplements/basic-supplement-2.webp",
            "stock": 160,
            "created_at": "2024-11-13T12:00:00Z",
            "updated_at": "2024-11-13T12:00:00Z"
        }
    },
    {
        "model": "main_api.supplement",
        "pk": 21,
        "fields": {
            "name": "Nitric Oxide",
            "description": "Boosts blood flow and muscle pump.",
            "category": 5,
            "flavour": [
                4
            ],
            "size": [
                1
            ],
            "price": 23.50,
            "is_active": true,
            "image": "supplements/basic-supplement-8.webp",
            "stock": 140,
            "created_at": "2024-11-13T12:00:00Z",
            "updated_at": "2024-11-13T12:00:00Z"
        }
    },
    {
        "model": "main_api.supplement",
        "pk": 22,
        "fields": {
            "name": "HMB",
            "description": "Helps prevent muscle breakdown.",
            "category": 6,
            "flavour": [
                1
            ],
            "size": [
                2
            ],
            "price": 32.00,
            "is_active": true,
            "image": "supplements/basic-supplement-6.webp",
            "stock": 90,
            "created_at": "2024-11-13T12:00:00Z",
            "updated_at": "2024-11-13T12:00:00Z"
        }
    },
    {
        "model": "main_api.supplement",
        "pk": 23,
        "fields": {
            "name": "Tribulus Terrestris",
            "description": "Natural herb for boosting testosterone and strength.",
            "category": 8,
            "flavour": [
                1
            ],
            "size": [
                2
            ],
            "price": 18.99,
            "is_active": true,
            "image": "supplements/basic-supplement-3.webp",
            "stock": 110,
            "created_at": "2024-11-13T12:00:00Z",
            "updated_at": "2024-11-13T12:00:00Z"
        }
    },
    {
        "model": "main_api.supplement",
        "pk": 24,
        "fields": {
            "name": "L-Tyrosine",
            "description": "Improves focus and cognitive function.",
            "category": 5,
            "flavour": [
                2
            ],
            "size": [
                1
            ],
            "price": 17.99,
            "is_active": true,
            "image": "supplements/basic-supplement-1.webp",
            "stock": 250,
            "created_at": "2024-11-13T12:00:00Z",
            "updated_at": "2024-11-13T12:00:00Z"
        }
    },
    {
        "model": "main_api.supplement",
        "pk": 25,
        "fields": {
            "name": "Vitamin C",
            "description": "Boosts immune health and antioxidant levels.",
            "category": 9,
            "flavour": [
                2
            ],
            "size": [
                1
            ],
            "price": 12.99,
            "is_active": true,
            "image": "supplements/basic-supplement-6.webp",
            "stock": 400,
            "created_at": "2024-11-13T12:00:00Z",
            "updated_at": "2024-11-13T12:00:00Z"
        }
    },
    {
        "model": "main_api.supplement",
        "pk": 26,
        "fields": {
            "name": "Maca Root",
            "description": "Supports energy, stamina, and endurance.",
            "category": 7,
            "flavour": [
                3
            ],
            "size": [
                1
            ],
            "price": 14.99,
            "is_active": true,
            "image": "supplements/basic-supplement-8.webp",
            "stock": 180,
            "created_at": "2024-11-13T12:00:00Z",
            "updated_at": "2024-11-13T12:00:00Z"
        }
    },
    {
        "model": "main_api.supplement",
        "pk": 27,
        "fields": {
            "name": "Ashwagandha",
            "description": "Natural adaptogen for stress reduction and energy.",
            "category": 8,
            "flavour": [
                1
            ],
            "size": [
                2
            ],
            "price": 19.50,
            "is_active": true,
            "image": "supplements/basic-supplement-4.webp",
            "stock": 120,
            "created_at": "2024-11-13T12:00:00Z",
            "updated_at": "2024-11-13T12:00:00Z"
        }
    },
    {
        "model": "main_api.supplement",
        "pk": 28,
        "fields": {
            "name": "CoQ10",
            "description": "Supports heart health and cellular energy production.",
            "category": 9,
            "flavour": [
                2
            ],
            "size": [
                1
            ],
            "price": 22.99,
            "is_active": true,
            "image": "supplements/basic-supplement-5.webp",
            "stock": 350,
            "created_at": "2024-11-13T12:00:00Z",
            "updated_at": "2024-11-13T12:00:00Z"
        }
    }
]